ID,AnimalID,Status,Age,Area,Slope,Ruggedness,Elevation,Aspect,DistPriv,DistRoads,DistTrees
34449Fall2,34449,1,9,0.003512343,12.0334997,0.0030178,2258.75,157.8580017,-8434.480469,228.4730072,323.1099854
34449Fall1,34449,1,8,0.012449283,11.3752003,0.0231125,2138.149902,271.8120117,-8125.069824,30,301.4960022
36436Fall2,36436,0,5,0.00074432,29.2465,0.0160586,2243.790039,192.3569946,2110.469971,1862.180054,-120
36436Fall1,36436,1,4,0.007536414,31.3253994,0.0468741,2215.070068,113.961998,300,300,-523.927002
34176Fall1,34176,0,5,0.00350047,17.9051991,0.0052715,1894.099976,73.930397,-1410,241.8679962,1261.430054
36451Fall1,36451,1,5,0.004207965,9.8267698,0.0127811,1970.140015,73.5134964,-930,42.4263992,684.7630005
34596Fall2,34596,1,2,0.005808055,15.6323996,0.0320517,2353.810059,171.302002,720,30,-1701.560059
34245BFall1,34245B,1,4,0.001511664,38.9494019,0.0298693,2172.729981,56.6762009,-4110,684.1049805,-979.4899902
34596Fall1,34596,1,1,0.002105052,10.5396004,0.0380229,2012.359985,194.5780029,-180,642.0280151,782.3040161
36333Fall1,36333,1,4,0.00348738,16.9773006,0.0262263,2183.110107,356.571991,-2238.969971,402.4920044,-450
36334Fall1,36334,1,4,0.005341472,6.0022202,0.0463966,2359,318.9200134,-3309.530029,510.8819885,-1474.890015
36536Fall1,36536,1,3,0.00072216,8.0337801,0.0162049,1904.310059,98.9101028,-1251.76001,301.4960022,1100.229981
36331Fall1,36331,1,8,0.00282913,8.29002,0.0159007,2043.099976,244.322998,-1918.589966,445.9819946,-2678.580078
36330Fall1,36330,1,4,0.003895084,16.7252998,0.0397552,2143.459961,216.8690033,-1584.050049,212.1320038,-2354.76001
36328Fall1,36328,1,3,0.009276703,18.3174992,0.0263809,2182.389893,2.02387,-2446.979981,67.0820007,339.4110107
36327Fall1,36327,1,4,0.005537332,20.1972008,0.0626725,2204.100098,123.3339996,-90,600,-894.9860229
36327Fall2,36327,1,5,0.003911434,22.6650009,0.0457162,2431.810059,13.5705996,-90,150,-510
36330Fall2,36330,1,5,0.003719717,22.6650009,0.0457162,2431.810059,13.5705996,-90,150,-510
36326Fall1,36326,1,5,0.004348571,9.6106701,0.117847,2750.810059,188.7850037,510,3241.389893,-1183.77002
36437Fall1,36437,1,5,0.001177689,9.6976805,0.0368599,2052.909912,269.5840149,-1865.069946,67.0820007,-201.2460022
34470Fall1,34470,1,5,0.103430783,31.3980999,0.0061704,2527.810059,70.2446976,10274.7998,1555.959961,-1590
34177Fall2,34177,1,6,0.059365997,19.5853004,0.009479,2781.870117,208.845993,2364.48999,381.8380127,1594.23999
34591Fall2,34591,1,6,0.125635127,12.0341997,0.0138659,2760.899902,179.2019958,2185.889893,127.2789993,-890.9550171
38665Fall1,38665,1,6,0.039383175,3.2725401,0.051728,2430.790039,125.5930023,1507.479981,134.1640015,-216.3329926
34230Fall1,34230,1,2,0.001694236,6.1596098,0.0073335,2418.159912,146.6399994,-2844.310059,90,5488.109863
34216Fall1,34216,1,4,0.002135898,6.86445,0.0038816,2422.090088,349.1650085,-2190,0,5004.609863
34233Fall1,34233,1,2,0.008312284,16.6427002,0.0109191,2290.179932,232.2590027,-2885.310059,60,10378.5
34233Fall3,34233,0,4,0.008756634,3.6524,0.0013529,2343.810059,269.1940002,-3376.169922,67.0820007,9893.860352
34238Fall1,34238,1,3,0.009704483,30.0132008,0.0119788,2231.219971,212.7890015,-2010,335.4100037,12157.7002
34238Fall2,34238,1,4,0.010174334,22.5221996,0.0220045,2318.790039,248.0099945,-2173.290039,67.0820007,12029.40039
34361Fall2,34361,0,7,0.002994675,10.1567001,0.0093225,2390.600098,92.5635986,-4819.459961,42.4263992,7996.899902
34233Fall2,34233,1,3,0.010074659,16.7632999,0.017162,2227.530029,119.0709991,-1721.540039,123.6930008,11535.40039
34220Fall1,34220,0,2,0.006235138,17.0907993,0.0193264,2199.050049,79.5046005,-1020,342.053009,12570.2998
34227Fall1,34227,1,9,0.004302742,0.352214,0.005337,2424.429932,221.3209991,-3060.149902,466.6900024,6822.939941
34221Fall1,34221,1,3,0.005774185,17.2705994,0.0174557,2273.679932,49.8017006,-810,732.3930054,12367.5
34594Fall3,34594,1,6,0.021617614,27.2901001,0.0075254,2956.810059,120.1569977,3997.209961,1798,-931.9329834
34237Fall1,34237,1,2,0.020658328,3.1847999,0.0019437,2481.350098,328.8120117,-3481.159912,30,7146.359863
34231Fall1,34231,1,2,0.003001027,25.5337009,0.029143,2354.949951,99.2903976,2655.800049,560.4459839,3628.02002
34601AFall1,34601A,0,2,0.022371772,25.9174004,0.019233,2373.810059,276.0660095,1638.780029,90,5380.799805
34218Fall1,34218,1,2,0.004427249,27.4022999,0.0615997,2561.98999,57.7914009,3776.189941,603.7379761,3552.179932
34443Fall1,34443,1,2,0.056148915,17.7614002,0.0301936,2816.840088,229.7810059,2160,254.5579987,0
34464Fall3,34464,1,5,0.008831845,10.2198,0.0072466,2902.76001,96.8205032,5646.459961,30,-1560.290039
34217AFall1,34217A,0,5,0.00399035,4.3239698,0.045746,2064.629883,255.2429962,2023.390015,30,6232.859863
34359Fall1,34359,0,3,0.001153982,4.79702,0.0061821,2620.429932,293.0799866,4830,1757.75,-1592.550049
34594Fall2,34594,1,5,0.059528333,17.5559006,0.0077771,2320.75,22.882,-60,573.1489868,108.1669998
34462Fall3,34462,1,4,0.011473535,7.3741598,0.0036201,2902.679932,353.0859985,7247.899902,456.9460144,-2995.5
38694Fall1,38694,1,2,0.009362943,9.3970203,0.0211461,2978.090088,346.144989,4851.660156,42.4263992,-2514.459961
34599Fall1,34599,1,5,0.008327155,8.32481,0.0020087,2213.580078,72.1679993,-3844.219971,42.4263992,1023.960022
34595Fall2,34595,1,6,0.014089878,14.9630003,0.0177184,2751.620117,45.3686981,7245.419922,150,-1355.319946
34469Fall1,34469,1,2,0.016516388,2.1240001,0.000965,2246.679932,159.2980042,-4326.660156,684.7630005,-301.4960022
38690Fall1,38690,1,2,0.015815937,22.7087994,0.0193937,2254.52002,253.6340027,-1851.51001,849.5880127,1176.52002
34465AFall1,34465A,1,4,0.044316336,28.5552006,0.043615,2386.290039,265.5409851,-1860,268.3280029,2007.310059
34191Fall2,34191,1,2,0.008809304,6.9211102,0.0238924,2372.709961,172.0910034,2430,0,-2294.560059
34464Fall1,34464,1,3,0.06228606,17.3903008,0.0124261,2345.530029,178.772995,-810,60,2759.51001
34464Fall2,34464,1,4,0.060671904,6.1603298,0.0036205,2480.629883,225.3990021,-812.2189941,1600.160034,1233.290039
34591Fall1,34591,1,5,0.007207595,4.0595899,0.0077129,2187.979981,104.2470016,-3588.979981,67.0820007,1480.069946
34590Fall2,34590,1,4,0.025298783,11.6859999,0.0087054,2635.090088,178.6499939,7470,60,-1583.189941
38700Fall1,38700,1,7,0.008981825,12.7418003,0.0098328,2635.530029,57.3925018,6230.910156,510,-4446.580078
34460Fall1,34460,1,6,0.054477738,15.2351999,0.0297228,2559.330078,128.4320068,-690,2336.540039,1518.189941
34462Fall1,34462,1,2,0.046698212,5.9806099,0.0334322,2361.51001,9.0118999,-2350.169922,1106.349976,3535.040039
34246Fall2,34246,1,5,0.003454399,9.7636404,0.006277,2317.320068,262.0390015,-1620,60,1621.109985
36443AFall1,36443A,0,2,0.03244339,5.0179,0.0034278,2676.899902,83.7195969,4800.379883,1140,-2537.969971
34467Fall1,34467,1,4,0.035807723,1.10478,0.0000905,2259.959961,173.121994,-2310,536.6560059,-2188.360107
34465AFall2,34465A,0,5,0.025279318,17.4318008,0.0202127,2108.850098,58.5023003,-902.4970093,254.5579987,4744.27002
34186AFall2,34186A,0,6,0.031456085,15.7816,0.0272537,2329.629883,129.3280029,-1127.699951,1544.339966,2941.840088
34451Fall1,34451,1,4,0.019166709,6.7814102,0.0052724,2144.129883,269.7470093,-4920,684.1049805,335.4100037
34459Fall3,34459,1,6,0.016512468,5.2590599,0.0064673,2242.570068,212.9309998,-296.9849854,417.8519897,3019.879883
34602Fall2,34602,1,5,0.017326101,19.1261997,0.0352718,2369.949951,342.70401,-1186.800049,2250.800049,2202.290039
34128Fall1,34128,1,4,0.067248671,3.4754,0.0181224,2385.429932,301.5220032,-1284.060059,0,502.8919983
34234Fall1,34234,1,7,0.029223742,6.0932798,0.0095356,2452.699951,305.348999,-933.3809814,323.1099854,424.2640076
34444Fall1,34444,1,0,0.010367346,7.3011999,0.0025788,1666.119995,228.625,1883.079956,90,8620.80957
38695Fall1,38695,1,4,0.007643896,12.5193005,0.0054331,2547.98999,304.4219971,-390,547.4489746,-241.8679962
34192Fall1,34192,1,6,0.003260343,6.39645,0.0018943,2102.860107,197.798996,-5070,30,912.4140015
34246Fall1,34246,1,4,0.008536419,16.4591999,0.0821516,2385.439941,290.2330017,-330,900,1081.670044
34348Fall1,34348,0,4,0.0032692,4.7996702,0.0027901,2804.159912,353.1180115,8711.889648,30,-3695.969971
34188Fall2,34188,1,5,0.070391024,8.0986605,0.0036453,2205.48999,321.7539978,-1447.790039,870,1982.040039
34447BFall1,34447B,1,12,0.005237688,27.1935005,0.019314,2878.129883,3.2017601,-3747.600098,1507.479981,2779.5
34215Fall1,34215,1,4,0.007212096,6.994,0.0180681,2717.52002,28.7082996,510,560.4459839,-550.7269897
34369Fall3,34369,1,7,0.010089223,10.9969997,0.005889,2578.429932,322.6499939,-1560,823.7719727,1288.25
34599Fall2,34599,1,6,0.058461913,0.890509,0.0002892,2170.310059,178.9100037,-90,123.6930008,-2197.379883
34599Fall3,34599,1,7,0.007820827,6.83146,0.0022523,2897.73999,71.9056015,-3757.189941,1617.219971,3103.370117
34121BFall1,34121B,0,3,0.003289739,17.1513004,0.0047495,2309.530029,16.2105999,150,560.4459839,7417.529785
34171AFall1,34171A,0,4,0.002464335,18.8101997,0.0099009,2267.600098,152.720993,-258.0700073,1659.52002,933.3809814
34173BFall2,34173B,1,3,0.002281655,14.0349998,0.0098453,2279.929932,280.0849915,-108.1669998,1612.76001,1049.569946
34236Fall1,34236,1,3,0.069693168,19.4993992,0.0050077,2891.280029,19.0046997,2910,271.6619873,-1494.589966
34361Fall1,34361,1,6,0.064517426,25.3915997,0.0044408,2937.699951,16.5093994,3000,212.1320038,-1440.310059
34365BFall2,34365B,1,5,0.002218861,15.6232996,0.011319,2284.070068,267.1809998,-150,1559.130005,1033.150024
34454BFall1,34454B,1,5,0.001936864,21.2290001,0.0096075,2285.439941,163.7799988,-276.5859985,1634.660034,912.4140015
36441Fall1,36441,1,4,0.00102242,15.5819998,0.0167175,2235.449951,122.8440018,-457.9299927,1451.52002,726.2230225
38706Fall1,38706,1,3,0.002179485,5.0929499,0.0117485,2293.889893,304.6950073,-67.0820007,1535.869995,1154.119995
34188Fall1,34188,1,4,0.019087602,8.0550098,0.0063283,2386.649902,64.6026001,-5691.229981,2741.840088,330
34459Fall1,34459,1,4,0.025200185,22.8320999,0.0114795,2502.98999,332.1350098,-2219.389893,550.7269897,1339.630005
34223Fall1,34223,1,6,0.006901806,23.3271999,0.024401,2220.030029,204.8910065,-120,990,1441.560059
34443Fall2,34443,1,3,0.026962098,14.1468,0.0077744,2582.560059,269.401001,-3030,1070.790039,2460.179932
34462Fall2,34462,1,3,0.052594954,16.9095993,0.0093591,2390.179932,12.8165998,-480,94.8683014,3120
34170BFall2,34170B,1,4,0.000978914,31.9358006,0.0288184,2107.620117,121.6610031,-836.7800293,335.4100037,2001.25
34595Fall1,34595,1,5,0.062836528,10.4216003,0.0026725,2673.929932,152.1150055,313.2090149,247.3860016,-876.1849976
34601BFall1,34601B,1,3,0.005704573,17.4258995,0.0096356,2387.169922,1.70248,-600,558.0319824,6493.459961
34365AFall1,34365A,0,2,0.007232015,18.7000008,0.0045622,2336.580078,8.6562204,30,182.4830017,1755.699951
34466Fall1,34466,1,4,0.014676304,14.3466997,0.0162326,2776.629883,297.5870056,-4709.330078,563.6489868,3573.149902
34594Fall1,34594,1,4,0.005563786,2.92558,0.0104466,2253.120117,228.375,-4101.120117,2653.77002,-840
34215Fall2,34215,1,5,0.016390438,7.57617,0.0035085,2814.330078,264.631012,3030,442.9450073,-1784.430054
34186AFall1,34186A,1,5,0.002876774,20.5030994,0.0346259,2760.979981,176.4190063,-4522.439941,442.9450073,4010.699951
34369Fall1,34369,1,5,0.004296106,21.1033993,0.034223,2344.120117,118.7809982,-2058.01001,924.1749878,-844.8079834
34459Fall2,34459,1,5,0.029016993,24.4606991,0.0213792,2468.080078,179.2769928,-3672.889893,2296.129883,655.210022
34597Fall1,34597,0,3,0.004400843,16.1818008,0.0089894,2226.429932,194.9100037,-1070.790039,941.5410156,-30
34224AFall1,34224A,0,2,0.006307809,7.6468801,0.0255104,2901.669922,331.4859924,3480,840,-2930.189941
34225Fall1,34225,1,3,0.011249501,16.2080002,0.021303,2123.060059,190.8159943,330,150,7296.359863
34365BFall1,34365B,1,4,0.008662398,17.6201992,0.0198199,1901.459961,128.4360046,-953.414978,30,30
34366Fall1,34366,1,3,0.013216768,19.8563004,0.0203983,2152.620117,251.6779938,400.25,120,7596.339844
34456Fall2,34456,0,0,0.001398784,33.4015007,0.0530295,2263.159912,91.2347031,-1380,941.5410156,6204.850098
34457Fall1,34457,1,4,0.012477368,25.8325996,0.0170317,2236.370117,275.0620117,228.4730072,270,7452.089844
34602Fall1,34602,1,4,0.007044632,26.1095009,0.0270927,2298.100098,201.1900024,-2687.639893,2018.040039,-330
34170BFall1,34170B,1,3,0.011631292,33.5555,0.0170119,2103.26001,145.7160034,-120,551.5430298,-1594.23999
34173BFall1,34173B,1,2,0.010880983,9.75212,0.0179884,2018.579956,90.3043976,-301.4960022,342.053009,-1461.099976
34447AFall1,34447A,1,1,0.015060259,15.1915998,0.0197168,2063.5,223.3150024,330,60,6997.720215
34369Fall2,34369,1,6,0.012468136,4.6732001,0.00936,2378.040039,204.5399933,-3555.350098,1041.390015,1233.290039
34447AFall2,34447A,0,2,0.019553483,10.1873999,0.0030854,2016.209961,300.5029907,-30,94.8683014,6889.100098
34457Fall2,34457,1,5,0.015172262,12.5499001,0.0105918,2080.77002,239.5950012,-60,192.0939941,6582.859863
34574BFall1,34574B,1,4,0.006129624,4.99158,0.0008146,1793.199951,39.1576996,-2020.719971,84.8527985,6401.330078
38702Fall1,38702,1,7,0.006064455,11.6883001,0.00117,1863.959961,45.0770988,-1164.98999,480,6119.189941
34214Fall1,34214,0,5,0.013254749,8.2697096,0.0034658,1952.869995,251.2039948,-540,228.4730072,6768.640137
34347Fall1,34347,1,2,0.013261197,7.6907802,0.0035279,1987.229981,296.6520081,-540,67.0820007,6639.77002
34357Fall1,34357,0,3,0.001202046,16.6366005,0.0096336,2792.939941,264.5690002,3560.909912,361.2479858,-2388.159912
34598Fall2,34598,1,5,0.037061606,16.2467995,0.0189763,2593.600098,46.6189995,2413.649902,84.8527985,-2513.209961
38681Fall1,38681,1,5,0.008630682,13.4868002,0.0019275,2639.969971,326.2590027,-1260,394.5880127,3991.800049
38685Fall1,38685,1,3,0.007822104,5.7255001,0.0015662,2657.300049,327.4649963,-1170,300,3846.790039
38705Fall1,38705,1,3,0.009934711,7.40938,0.0098824,2466.939941,83.5235977,360,1426.180054,2778.52002
34456Fall1,34456,1,0,0.008364135,22.1033001,0.0226888,2650.560059,274.8869934,-150,1946.540039,4552.299805
34458Fall2,34458,1,8,0.017712274,4.18852,0.0003087,1894.76001,280.4089966,-840.5360107,90,7136.790039
34471Fall1,34471,1,3,0.020172897,1.71391,0.0001292,2015.060059,167.5809937,-512.6400146,192.0939941,1260.359985
38699Fall1,38699,1,8,0.012333157,5.0039001,0.0003727,1739.420044,0.0821356,-2523.570068,42.4263992,6264.180176
38704Fall1,38704,1,3,0.013598764,12.2273998,0.0136744,2513.189941,44.2820015,-120,993.177002,-1092.02002
34225Fall2,34225,1,4,0.015542794,22.9899998,0.0275392,2622.439941,246.7599945,-1230.369995,295.4660034,3881.26001
34367Fall3,34367,1,12,0.011356636,8.4066696,0.0034481,2637.27002,155.3090057,2592.179932,123.6930008,-3231.100098
34370BFall1,34370B,1,4,0.000619108,24.3160992,0.0166267,2264.100098,168.6439972,-450,1344.660034,-268.3280029
34378BFall1,34378B,1,2,0.000785155,39.9380989,0.0194273,2188.800049,185.0509949,-660,1173.459961,-270
34457Fall3,34457,1,6,0.012547017,26.1028996,0.0074554,2548.659912,239.7689972,-1092.02002,366.196991,4041.550049
34589Fall1,34589,1,3,0.079371519,21.8551998,0.0357022,2817.080078,37.5542984,2053.409912,276.5859985,-2857.729981
34590Fall1,34590,1,3,0.079503481,26.4825993,0.0225574,2518.030029,170.1399994,2146.830078,1410.319946,550.7269897
34458Fall1,34458,1,7,0.014956368,9.9191704,0.0126026,2047.560059,244.7310028,-189.7369995,785.1749878,4920.370117
34583Fall2,34583,1,7,0.020156823,7.3718901,0.0007249,2856.320068,152.401001,1752.630005,400.25,-3998.110107
36323BFall1,36323B,1,2,0.00991116,24.4661999,0.0319946,2544.320068,252.8549957,-1140,90,3025.389893
36442Fall1,36442,1,1,0.055883113,15.0486002,0.0110908,2764.139893,308.3619995,2250,900,-4254.709961
36472Fall1,36472,1,2,0.014008937,4.7051902,0.0038328,2660.719971,37.4742012,-630,0,2363.149902
36503Fall2,36503,1,4,0.028434416,6.6635699,0.0013935,2896.149902,85.1560974,1890,94.8683014,-4011.600098
38725Fall1,38725,1,7,0.016073663,9.2806597,0.000803,2086.469971,60.8255997,-960,108.1669998,3856.48999
34245AFall1,34245A,0,10,0.00153648,16.3439007,0.016535,2450,153.8339996,3759.709961,301.4960022,-3810.469971
38668Fall1,38668,1,7,0.007827333,20.1417999,0.0130046,2677.030029,31.7189007,-210,60,1599.310059
34360Fall1,34360,1,6,0.028874794,23.9944992,0.088488,2511.290039,181.0650024,-720,150,960.4689941
34360Fall2,34360,0,7,0.008212757,4.0492001,0.0030862,2950.51001,20.7103996,180,60,-6166.950195
34181Fall1,34181,1,2,0.015037728,20.0226002,0.0185085,2272.080078,25.1809998,-570,1328.5,3356.780029
34354AFall1,34354A,0,8,0.014965569,6.4927101,0.0124296,2646.439941,237.3070068,90,30,-6137.77002
34356AFall1,34356A,0,3,0.008998664,13.283,0.0239665,2488.590088,269.9089966,1440.310059,618.4660034,-5252.830078
38698Fall1,38698,1,2,0.013198918,18.2136002,0.0024519,2712.830078,278.6900024,-420,108.1669998,-7250.390137
38701Fall1,38701,1,2,0.010337084,10.0653,0.0123689,2689.639893,190.348999,480,1599.310059,1855.400024
38727Fall1,38727,1,3,0.015267432,7.2783499,0.0053586,2665.340088,162.621994,750,108.1669998,150
34130Fall1,34130,0,5,0.002258133,22.9990997,0.0448002,2634.899902,144.7039948,-1020,192.0939941,-5151.359863
34178Fall1,34178,1,4,0.005147859,6.39114,0.0050332,2706.060059,263.4289856,-780,366.196991,-7486.850098
34351AFall2,34351A,0,4,0.004717564,7.8973598,0.0021963,2623.48999,182.401001,-750,563.6489868,-7177.779785
36324Fall1,36324,1,15,0.003855234,24.4162006,0.0302836,2101.899902,118.5930023,726.2230225,1576.640015,1240.199951
34191Fall1,34191,1,1,0.059821587,15.3701,0.0185633,2909.25,218.4669952,3026.429932,912.4140015,-1722.849976
34249Fall2,34249,1,11,0.045974696,11.9288998,0.0069689,2372.409912,96.0953979,90,865.8519897,720.625
34364Fall1,34364,1,4,0.010344449,15.9403,0.0039218,2769.669922,263.4960022,-1350,30,-7202.310059
34585Fall2,34585,1,0,0.026550866,4.8840599,0.0316261,2641.76001,226.8670044,1050,997.2459717,-6941.680176
36332BFall1,36332B,1,5,0.015194956,16.0566998,0.0045271,2773.379883,245.1950073,6614.779785,1020,445.9819946
36505Fall2,36505,1,9,0.004222723,17.8017998,0.0525613,2096.070068,46.9681015,510,764.8530273,-1626.099976
34367Fall2,34367,1,11,0.027610425,23.8097,0.0119036,2434.560059,48.1097984,-807.7750244,60,-1999.219971
34598Fall1,34598,1,4,0.086785732,20.2224007,0.0227647,2418.02002,334.42099,1706.579956,390,67.0820007
34181Fall2,34181,1,3,0.006824397,14.5528002,0.0247092,2674.370117,40.8114014,930,1612.76001,2271.300049
34367Fall1,34367,1,10,0.024734576,21.3253002,0.03502,2734.939941,49.7649994,-1920,60,-5785.649902
34373BFall1,34373B,1,2,0.00578202,13.7840004,0.0070972,2152.570068,314.8569946,780,894.9860229,2321.080078
36442Fall2,36442,1,2,0.021371659,25.9085007,0.0064693,2661.080078,16.1791992,7163.970215,342.053009,-84.8527985
36448Fall2,36448,1,2,0.007296281,4.3483901,0.0043229,2814.75,267.0289917,-1830,390,-6337.100098
36505Fall1,36505,1,8,0.007432537,32.6445007,0.0162199,2311.98999,115.8919983,711.1959839,2145.159912,-1867.23999
36503Fall1,36503,1,3,0.043280625,9.68293,0.0061115,2451.600098,296.598999,2043.530029,94.8683014,268.3280029
34121AFall2,34121A,0,4,0.05181738,25.1970997,0.0149072,2779.979981,205.0449982,-2206.580078,67.0820007,-6036.640137
36433Fall1,36433,1,10,0.008251963,30.4666996,0.0135344,2700.98999,99.973999,-2370,990.4539795,-6306.069824
34127Fall1,34127,1,1,0.042421771,13.4919004,0.0091776,2641.840088,270.7189941,3507.949951,676.8309937,-480
34249Fall1,34249,1,10,0.054109961,16.2415009,0.0078961,2322.02002,56.3678017,840,123.6930008,-331.3609924
34450Fall1,34450,1,3,0.049368465,21.4424,0.0280546,2679.459961,222.7619934,-480,426.3800049,-3631.120117
34121AFall1,34121A,1,3,0.05287308,11.0171003,0.001021,2635.830078,289.7399902,-3330,161.5549927,-5108.990234
36430Fall2,36430,1,6,0.011594298,5.89396,0.0034599,2662.699951,269.3519897,-3390,108.1669998,-5000.649902
34352Fall3,34352,0,7,0.008903898,6.8625798,0.0161712,2608.409912,81.1577988,-1410,30,-3267.25
34583Fall1,34583,1,6,0.044642224,28.7429008,0.0504353,2477.959961,182.7519989,3488.27002,84.8527985,660
34254Fall3,34254,1,3,0.008870189,27.3959007,0.0470211,2594.399902,313.1650085,-3900,174.9290009,-4261.27002
36507Fall1,36507,1,3,0.005862336,29.2658997,0.0123774,2657.229981,259.5710144,1973.849976,1891.900024,417.8519897
37148Fall1,37148,1,8,0.008267641,17.3153992,0.0111669,2603.179932,218.9060059,-3570,1094.900024,-3725.080078
34352Fall2,34352,1,6,0.034397104,23.0963993,0.0188852,2451.560059,288.8919983,4002.5,1274.560059,1140
34355Fall1,34355,1,5,0.031570343,9.4254103,0.0047147,2381.620117,166.1399994,-1260,67.0820007,-2597.379883
36535Fall1,36535,1,3,0.000997348,28.5834999,0.0613452,2582.540039,145.3869934,2001.25,1471.219971,-390
34163Fall1,34163,0,6,0.02951306,16.0226994,0.0117516,2488.209961,126.4720001,-2520,725.6030273,-2853.939941
34254Fall1,34254,1,1,0.062889024,9.4280701,0.0192496,2426.699951,45.5710983,-1830,228.4730072,-2379.290039
34351AFall1,34351A,1,2,0.026980746,5.66079,0.009101,2419.360107,156.6309967,-270,615.5490112,-1034.459961
34254Fall2,34254,1,2,0.065700574,3.3575001,0.0011195,2213.419922,182.4299927,4120.930176,247.3860016,-212.1320038
34352Fall1,34352,1,5,0.03432665,5.1090202,0.0123959,2220.120117,273.6749878,3322.969971,234.3070068,-600
36430Fall1,36430,1,5,0.06606468,3.54352,0.0186774,2300.360107,226.1860046,4155.620117,480,270
36446Fall1,36446,1,2,0.030960838,4.9185901,0.0071637,2225.76001,104.5149994,-1629.969971,0,-967.4710083
36500AFall1,36500A,0,3,0.009806094,28.7961998,0.0239658,2342.909912,266.3909912,-2759.02002,94.8683014,-1261.780029
38677Fall1,38677,0,6,0.006368586,32.2574997,0.0396323,2875.679932,207.0460052,6230.549805,283.0190125,-1959.209961
34182Fall1,34182,1,2,0.040726875,4.5485702,0.0016145,2192.719971,192.6690063,2670,276.5859985,-1186.800049
34362Fall1,34362,1,5,0.075131047,10.3317003,0.0174173,2122.810059,17.3992004,-810,234.3070068,-1060.660034
34585Fall1,34585,1,0,0.059703925,13.2024002,0.0035819,2225.689941,61.8628998,-900,630.7139893,201.2460022
36448Fall1,36448,1,2,0.028665951,4.3603401,0.0130508,2187.879883,28.3638992,3030,429.5350037,-997.2459717
34349Fall1,34349,1,2,0.043228925,21.1910992,0.0235506,2267.570068,179.9450073,-2460,1103.089966,-390
34373AFall1,34373A,0,3,0.000766023,20.6765003,0.0115054,2281.909912,103.8180008,-300,937.710022,2451.199951
34155Fall1,34155,1,7,0.038445544,1.24997,0.0017808,2134.620117,182.5700073,-1500,30,573.1489868
38692Fall1,38692,1,3,0.009353365,23.7516003,0.0531704,2564.080078,223.5299988,4982.259766,1180.719971,534.1350098
34155Fall2,34155,1,8,0.034136284,3.1159699,0.0011929,2102.679932,244.2050018,1800,270,342.053009
34353Fall1,34353,1,5,0.036314337,8.7651901,0.0040407,2194.850098,21.8449993,-1260,123.6930008,1705.780029
34349Fall2,34349,1,3,0.040956459,17.2973995,0.0163793,2100.530029,16.5723991,615.5490112,342.053009,1948.150024
34184Fall2,34184,1,4,0.003009526,5.9028101,0.0029588,2128.810059,148.2579956,834.0859985,453.9819946,4033.969971
34349Fall3,34349,1,4,0.003507885,32.3644981,0.0246554,2627.590088,178.6959991,120,436.8070068,1565.180054
34184Fall1,34184,1,3,0.007166809,25.6875,0.0827354,2113.780029,202.9649963,1019.119995,1991.109985,5237.729981
38689Fall1,38689,0,3,0.002976567,3.79829,0.0033612,2441.879883,157.9340057,-150,270,-600
34353Fall2,34353,1,6,0.008612801,22.1016998,0.0280395,2341.350098,242.7169952,318.9039917,296.9849854,-1113.640015
34185Fall1,34185,1,2,0.011670823,9.1709299,0.0029337,2170.689941,201.3760071,900,1388.130005,210
38672Fall1,38672,1,9,0.004096675,8.9567699,0.0044115,2421.350098,287.1570129,150,256.3200073,-2881.409912
34380Fall2,34380,1,3,0.025507487,21.7966995,0.0060865,2527.969971,189.3970032,9555.370117,212.1320038,-2185.060059
34380Fall1,34380,1,2,0.016725406,6.96245,0.0121851,2114.449951,191.848999,3000,1023.960022,-1716.569946
34455Fall2,34455,1,4,0.008144284,6.5752802,0.0161682,2437.709961,194.4750061,-570,1134.060059,-2002.599976
34381Fall1,34381,1,3,0.015916875,19.4260998,0.0264034,2006,315.4880066,870,2853.939941,1368.540039
34455Fall1,34455,1,4,0.009580107,6.3222899,0.0150113,2536.179932,22.7042999,-540,180,-2023.390015
34567Fall1,34567,1,3,0.001509562,19.0107002,0.0409806,1876.880005,103.3079987,362.4909973,1194.73999,1243.099976
34574AFall1,34574A,1,3,0.005496226,6.6066899,0.01536,1980.969971,180.647995,3973.729981,123.6930008,-680.1469727
34582Fall1,34582,1,4,0.022442795,4.40275,0.0290598,2303.449951,48.0614014,1503.599976,2619.639893,-30
36501Fall1,36501,0,3,0.019628137,6.9388299,0.0153181,2380.040039,177.470993,4113.939941,1221.189941,2430.73999
36449Fall1,36449,1,8,0.371563465,26.9258003,0.0405766,2132.899902,230.8070068,450,570,240
34385Fall1,34385,1,3,0.012805612,32.6332016,0.0051133,2369.699951,263.2349854,2291.419922,1712.369995,-699.7139893
34565Fall1,34565,1,4,0.013557073,11.6156998,0.0264446,2219.02002,83.8404999,330,1489.459961,1282.650024
34565Fall2,34565,1,4,0.011219086,24.1692009,0.0093566,2203.48999,89.3862991,1263.209961,2200.449951,305.9410095
34563Fall1,34563,0,6,0.019343111,14.4233999,0.0311908,2436.419922,45.2804985,1877.579956,2020.939941,-270
34580Fall1,34580,1,2,0.015760253,28.5771999,0.0751274,2182.389893,261.7330017,1434.050049,1586.599976,450
34582Fall2,34582,1,5,0.007962335,34.6030998,0.0302036,2177.620117,236.1390076,2166.030029,1481.890015,-1320
34253Fall1,34253,1,2,0.003884663,15.4207001,0.0118275,2518.639893,173.5180054,9743.540039,241.8679962,-2931.570068
34564Fall1,34564,1,6,0.004557695,18.9249992,0.0595011,2366.149902,286.5239868,1770,2264.159912,1100.229981
36496Fall2,36496,1,5,0.010499422,6.3400698,0.006629,2411.909912,293.3099976,6218.759766,726.2230225,-295.4660034
38683Fall1,38683,1,3,0.017349253,12.3736,0.0033495,2659.669922,104.1279984,1592.550049,174.9290009,-721.2490234
34564Fall2,34564,1,6,0.003937403,31.9423008,0.021423,2569.639893,269.2479858,1756.469971,2948.709961,692.6040039
34247Fall1,34247,1,4,0.047821926,4.0938001,0.0355873,2034.939941,179.1089935,-1448.099976,271.6619873,1221.189941
34453CFall1,34453C,1,7,0.021570706,16.5877991,0.0125433,2638.429932,3.96685,2910,729.9320068,-3852.75
36445Fall1,36445,1,7,0.029656547,39.6464996,0.0536038,2527.810059,169.1820068,3219.939941,715.6119995,-2438.129883
36445Fall2,36445,1,8,0.012813889,10.7311001,0.0022817,2710.310059,280.9880066,2040,882.3259888,-5490.080078
36496Fall1,36496,1,4,0.043363703,14.5086002,0.056013,2765.77002,99.2621002,1980,603.7379761,-4830.279785
36509Fall2,36509,1,5,0.021659928,30.8453007,0.0083872,2603.479981,37.7902985,3480,732.3930054,-5151.709961
34587Fall1,34587,1,4,0.042228325,15.5557003,0.0133717,2820.070068,60.7314987,4296.290039,1272.790039,-5045.709961
38697Fall1,38697,1,5,0.012172869,23.0997009,0.0222465,2849.139893,94.0093994,2400,510.8819885,-6448.600098
34125Fall1,34125,1,2,0.027532286,22.9356995,0.0035422,2966.649902,78.889801,2707.48999,189.7369995,-5382.049805
36509Fall1,36509,1,4,0.062399503,5.9032402,0.0317435,2901.969971,334.9079895,2891.540039,42.4263992,-5408.330078
38686Fall1,38686,1,2,0.028936319,17.2224007,0.0361728,2613.060059,266.8359985,2925.27002,724.9829712,-6062.819824
34562Fall1,34562,1,2,0.001428253,33.6472015,0.0214876,1942.449951,349.3479919,-390,540,1368.209961
34566Fall1,34566,1,2,0.001743243,25.6459999,0.0197184,1917.910034,333.4970093,-480,480.9370117,1451.52002
34247Fall2,34247,1,5,0.051206886,23.6840992,0.0399541,2708.560059,270.9710083,420,1884.040039,-2184.030029
36494Fall2,36494,1,2,0.011042404,9.1464396,0.0040114,3011.229981,302.8659973,4680,60,-7889.77002
34247Fall3,34247,1,6,0.021151301,18.4340992,0.0057765,2752.469971,167.4589996,4446.680176,150,-6513.390137
34569Fall1,34569,1,8,0.007193417,20.4493999,0.0200427,1756.949951,333.855011,-330,189.7369995,42.4263992
34570Fall1,34570,1,3,0.008188916,25.8092003,0.0580275,1757.619995,81.9557037,-123.6930008,0,-182.4830017
34572Fall1,34572,1,4,0.007667167,22.1042004,0.043964,1756.650024,337.5580139,-192.0939941,94.8683014,-134.1640015
34573Fall1,34573,1,2,0.009831611,34.9426994,0.0581156,1967.199951,294.1279907,-120,483.7349854,-597.7459717
34570Fall2,34570,1,4,0.005828497,19.9778004,0.0266552,2067.149902,43.3510017,420,1043.550049,967.4710083
34572Fall2,34572,1,5,0.00491848,39.1403999,0.0301295,2045.329956,292.6010132,540,1092.02002,1260
34579Fall1,34579,1,4,0.009020399,33.3386002,0.0472263,2005.640015,23.9582005,30,483.7349854,-450
36444Fall2,36444,1,2,0.012319435,3.2925501,0.0221906,2635.669922,49.6188011,3020.629883,720,-4896.529785
34592Fall1,34592,1,2,0.070999895,7.5047002,0.0058525,2564.790039,93.5645981,-60,0,-5246.660156
36450Fall1,36450,1,2,0.043846269,9.6033201,0.0082951,2362.649902,85.4671021,-270,2018.040039,-1134.060059
36444Fall1,36444,1,2,0.058614069,16.4808998,0.0205476,2337.699951,210.6730042,-480,2400.189941,-934.3449707
36450Fall2,36450,1,2,0.05235366,21.1448002,0.020417,2289.040039,271.9169922,-240,1930.52002,-150
34573Fall2,34573,1,3,0.003429406,10.7126999,0.023293,2028.660034,304.5840149,-1350,3211.26001,2524.639893
34453BFall2,34453B,0,0,0.007420491,21.8810005,0.0152974,1936.829956,62.4976006,1620,1140.390015,1936.099976
34592Fall2,34592,1,2,0.033575595,8.6709404,0.0067761,2573.139893,79.1976013,600,150,-4753.370117
34248Fall2,34248,1,5,0.002022599,13.5150003,0.0099547,2444.649902,313.5180054,-210,362.4909973,-692.6040039
34248Fall1,34248,1,4,0.035237788,18.0550003,0.0111067,2347.290039,222.9109955,1652.180054,1571.780029,-3564.070068
34584Fall2,34584,1,3,0.009553848,8.6518698,0.0070904,2289.159912,115.2689972,1918.589966,2142.639893,2330.939941
34122BFall1,34122B,1,2,0.004926743,23.2092991,0.0103114,2217.449951,15.8845997,3690,1103.089966,-794.2919922
34370AFall1,34370A,0,5,0.004219812,15.0639,0.0157818,2166.800049,46.4277,3060,1041.390015,-152.970993
38667Fall1,38667,1,4,0.004488047,24.6777992,0.0120553,2281.810059,60.7895012,3960,954.8300171,-1055.130005
38676Fall1,38676,1,2,0.004689789,35.9099998,0.0220557,2315.820068,8.1521702,3780,937.2299805,-829.7589722
34175Fall3,34175,1,4,0.016105229,16.4650002,0.074034,2723.169922,300.6350098,782.3040161,1356.650024,1074.150024
34229Fall1,34229,1,7,0.004257057,10.6871004,0.0121072,2418.479981,35.9035988,3704.729981,700.3569946,-695.8449707
34229Fall2,34229,1,8,0.004524709,25.1228008,0.0304222,2192.860107,19.7492008,2880,836.7800293,-123.6930008
34392Fall1,34392,1,10,0.005167494,32.5689011,0.029066,2259.75,14.7494001,3030,997.2459717,-30
34392Fall2,34392,1,11,0.004655085,4.4398999,0.0020139,2426.080078,271.6409912,3602,276.5859985,-986.8129883
34463Fall1,34463,0,6,0.003507247,22.0632,0.0139722,2392.27002,32.7947006,3180,1005.780029,-150
34463Fall2,34463,0,7,0.004365474,26.1485004,0.0330428,2169.179932,55.4151001,2520,976.7290039,-626.4180298
36504Fall1,36504,1,7,0.007611717,16.2654991,0.0064354,2429.73999,241.6790009,-1200,670.8200073,2970.610107
38671Fall1,38671,1,1,0.020076497,17.2584991,0.0250882,1999.160034,106.2929993,201.2460022,0,3111.330078
34575Fall1,34575,1,3,0.026798761,8.5548801,0.022282,2035.979981,45.4530983,750,60,3826.850098
34584Fall1,34584,1,2,0.024001257,11.4507999,0.0211744,2086.699951,202.1040039,1008.02002,690,4878.209961
36510Fall2,36510,1,3,0.011265037,26.2598991,0.0174835,2300.229981,160.3739929,-510,30,3287.02002
38674Fall1,38674,1,6,0.021082829,5.7188802,0.0110834,2110.209961,10.0955,1350,1126.099976,3514.610107
34568Fall2,34568,1,9,0.023270565,16.1530991,0.0551722,2279.350098,131.9629974,2204.949951,632.8510132,2524.639893
34243Fall1,34243,1,1,0.00253948,2.0462501,0.0183847,2614.139893,282.5859985,570,417.8519897,4020
34568Fall1,34568,1,8,0.032912813,22.7049999,0.0600205,2540.219971,354.5920105,2511.77002,1422.709961,3337.02002
36494Fall1,36494,1,2,0.155032093,25.1975994,0.037711,2587.149902,124.1880035,968.401001,630.7139893,-1574.069946
34160BFall1,34160B,1,5,0.028237147,9.7449303,0.0632442,2377.870117,105.901001,4500.899902,1572.930054,1324.420044
34186BFall2,34186B,1,3,0.002520077,10.0270004,0.0104533,1798.339966,114.5950012,240,540.8330078,488.3649902
38664Fall1,38664,1,2,0.00277566,23.3574009,0.0316111,1793.98999,175.3269958,150,402.4920044,391.1520081
38673Fall1,38673,1,5,0.018529265,18.7737007,0.0705314,2213.159912,241.0859985,5796.52002,1230.369995,1689.619995
34375Fall2,34375,1,6,0.011853631,8.60818,0.0036438,2734.179932,255.0420074,-361.2479858,1838.829956,241.8679962
34588Fall2,34588,1,3,0.008816119,19.3416996,0.0111151,2566.479981,151.8910065,-90,2288.27002,1503.599976
36498Fall1,36498,1,4,0.145769629,13.1869001,0.0062054,2728.949951,339.6130066,-517.8800049,120,-30
38666Fall1,38666,0,3,0.003203397,18.5214005,0.0092473,1785.569946,266.8139954,-750,576.2810059,1243.099976
34175Fall2,34175,1,4,0.130118584,26.7042007,0.0273926,2775.709961,67.8263016,60,150,-1689.079956
34167Fall1,34167,1,2,0.009501709,18.1954994,0.0223666,2517.919922,158.9499969,-1470,810,-1689.619995
34172Fall3,34172,1,10,0.006267322,8.4679604,0.0078466,2442.370117,106.0009995,-1120.890015,301.4960022,-543.322998
34252Fall3,34252,1,6,0.010535577,23.1683998,0.038997,2296.709961,161.3240051,-570,3246.800049,90
34561BFall1,34561B,1,5,0.00299074,5.8778701,0.0191865,1919.890015,242.0919952,480,30,1332.550049
34175Fall1,34175,1,2,0.044458712,20.8761997,0.0236452,2677.469971,44.8390007,-480,1952.079956,-870
36510Fall1,36510,1,2,0.057346391,22.6970005,0.0135202,2679.590088,212.9320068,-60,1507.479981,-990
34375Fall1,34375,1,5,0.016821415,2.15818,0.0017414,2245.25,137.2100067,-2768.469971,543.322998,1180.719971
34129Fall1,34129,1,4,0.006032725,17.7078991,0.0106425,2292.929932,181.8919983,60,1663.310059,-432.6659851
34586Fall1,34586,1,7,0.06353253,20.7024994,0.0204488,2618.669922,262.9500122,-1501.199951,276.5859985,-4507.990234
34157Fall1,34157,1,9,0.016634624,3.83056,0.0125639,2279.110107,114.526001,-2040,1590.280029,381.8380127
34131Fall1,34131,1,2,0.026115505,16.7591991,0.0085563,1978.040039,148.352005,930,780.5770264,-1535.869995
34252Fall1,34252,1,4,0.0232866,29.6105003,0.0344456,2423.909912,152.0110016,-60,1561.150024,-1574.359985
34588Fall1,34588,1,2,0.063998248,13.1462002,0.0252293,2631.590088,152.3609924,-603.7379761,182.4830017,-4416.02002
38696Fall1,38696,1,2,0.019747264,4.4512801,0.0064751,1910.280029,217.8309937,540,713.09198,-1140
34252Fall2,34252,1,5,0.065676299,20.7616005,0.0122997,2564.929932,242.5059967,-420,453.9819946,-3878.25
34172Fall2,34172,1,8,0.013405679,5.8916602,0.0006744,2395.340088,20.4829006,-300,258.0700073,900
34393Fall1,34393,1,2,0.032321077,26.7127991,0.0216025,2663.090088,153.0740051,3960,725.6030273,-4949.27002
34172Fall1,34172,1,8,0.016777009,13.7509003,0.006217,2367.48999,71.7990036,-30,391.1520081,-702.2819824
34131Fall2,34131,1,3,0.018313984,2.8586099,0.0005592,1866.420044,207.8350067,-420,420,30
34161Fall1,34161,1,2,0.010499945,10.8789997,0.0362504,2393.550049,82.4457016,-424.2640076,870.5170288,-560.4459839
36513BFall1,36513B,0,4,0.000666358,25.0799007,0.036387,2491.610107,273.3259888,-870,318.9039917,-2012.459961
34158Fall1,34158,1,4,0.050571866,11.1738005,0.0350333,2569.689941,253.2039948,-989.5449829,432.6659851,-758.9470215
34382Fall1,34382,1,6,0.044727965,0.0001279,0.0000018,2323.300049,90,360,234.3070068,1865.069946
38693Fall1,38693,1,3,0.026471559,26.8425999,0.0166087,2584.100098,160.6909943,2504.600098,560.4459839,-3999.129883
34173AFall1,34173A,0,5,0.003054746,29.0548,0.0385062,2633.570068,110.9169998,308.868988,611.882019,-6811.060059
34153Fall1,34153,1,4,0.022209322,11.5738001,0.0082214,2326.219971,296.269989,-84.8527985,67.0820007,1636.859985
34159Fall1,34159,1,4,0.029439053,9.5590601,0.028418,2545.040039,190.4759979,-912.4140015,551.5430298,210
34159Fall2,34159,0,5,0.004753704,12.7003002,0.0051126,2694.919922,345.4360046,60,323.1099854,-2178.669922
34170AFall1,34170A,0,6,0.001302962,18.2054005,0.0061444,2705.899902,239.7689972,570,445.9819946,-3200.310059
38688Fall1,38688,1,5,0.003153233,22.6636009,0.023567,2720.189941,85.7202988,60,240,-2640.169922
34152Fall1,34152,1,2,0.014655242,10.2318001,0.0233059,2689.719971,332.9400024,-510,421.0700073,-1961.729981
36443BFall1,36443B,1,6,0.005725455,22.8425007,0.0269026,2752.820068,349.5450134,-60,120,-2549.120117
34160AFall2,34160A,0,11,0.001266961,30.9108009,0.0189424,2649.469971,148.9680023,865.8519897,349.8569946,-3654.219971
34171BFall1,34171B,0,6,0.001830746,34.8227997,0.0473322,2461.419922,305.8250122,-1920,150,-842.1400146
34255Fall1,34255,0,8,0.001147805,19.7887993,0.0150648,2827.25,351.2999878,600,456.9460144,-2702.330078
36511BFall1,36511B,1,4,0.004565063,7.0928502,0.006342,2785.860107,151.2310028,-4843.299805,150,-2671.350098
34164Fall1,34164,1,2,0.011331111,24.5618,0.0118733,2677.76001,188.5249939,-1516.109985,335.4100037,-3817.909912
36325Fall1,36325,1,8,0.014281455,10.2460003,0.0064154,2631.040039,217.8280029,-997.2459717,152.970993,-3340.790039
34160AFall1,34160A,1,10,0.015096791,16.0095997,0.0029755,2705.340088,288.4559937,-4388.830078,391.1520081,-2630.780029
34351BFall1,34351B,1,2,0.011967758,17.5058002,0.0261526,2784.080078,52.2933998,840,699.7139893,-1952.079956
38733Fall1,38733,0,4,0.002414476,18.0277004,0.0063641,2825.379883,27.7115002,-4030.51001,60,-3261.179932
38679Fall1,38679,1,2,0.025048952,20.7322998,0.025752,2704.830078,43.7468987,-960,108.1669998,-2047.930054
36512Fall1,36512,1,3,0.009304558,24.9710999,0.0190896,2648.419922,167.7460022,-3956.820068,94.8683014,-2884.060059
34174Fall1,34174,1,5,0.010320284,12.1521997,0.0220142,2849.709961,290.9909973,-1749.290039,0,-4986.229981
36514Fall2,36514,0,10,0.001240752,12.1627998,0.0539839,2752.939941,317.9909973,-690,212.1320038,-4022.800049
34152Fall2,34152,1,3,0.038510076,10.2391005,0.0194441,2900.120117,313.598999,-1060.23999,30,-5876.629883
38726Fall1,38726,1,4,0.010766651,15.3506002,0.0267163,2916.070068,301.2399902,-1642.349976,60,-5777.859863
36514Fall1,36514,1,9,0.017740061,38.4087982,0.0253945,2586.389893,70.1123962,-240,1425.23999,-4087.27002
38682Fall1,38682,1,2,0.009844459,35.269001,0.0176425,2801.909912,92.7482986,660,270,-4504.100098
34183Fall1,34183,1,13,0.037118819,32.5171013,0.0485223,2711.620117,165.4279938,1679.199951,823.7719727,-3900
34600Fall1,34600,1,2,0.009678477,19.4382992,0.032858,3002.419922,55.9459991,1470,271.6619873,-3529.560059
36511AFall1,36511A,0,5,0.003817592,23.3404999,0.0036379,2904.979981,209.1950073,1391.689941,426.3800049,-1064.050049
36508Fall1,36508,1,5,0.017328177,31.1520996,0.0152832,2790.469971,8.1243896,2505.669922,1472.75,-3854.149902
34183Fall2,34183,1,14,0.024695259,24.7028999,0.0130603,2640.409912,270.5769958,-120,547.4489746,-150
36506Fall1,36506,1,6,0.02828285,6.72296,0.0063991,2959.689941,209.4730072,270,84.8527985,-4401.830078
